{
 "100G tinh chế 1/z3967025670237_9be90384b241d6507c2ae1ed9ab69239.jpg": {
  "out": "yen-tinh-che-100g-a-1.jpg",
  "mtime": 1781870366.289786,
  "size": 1281088
 },
 "100G tinh chế 1/z3967025802132_14a2118af7989283f391e35aa6d4912f.jpg": {
  "out": "yen-tinh-che-100g-a-2.jpg",
  "mtime": 1781870384.6318548,
  "size": 1546128
 },
 "100G tinh chế 1/z3967025863879_61add5eabb9826f850063e872a2be341.jpg": {
  "out": "yen-tinh-che-100g-a-3.jpg",
  "mtime": 1781870392.1911197,
  "size": 1235639
 },
 "100G tinh chế 1/z3967025922691_34dd2d317efe8732aaaa88bb74ebc4aa.jpg": {
  "out": "yen-tinh-che-100g-a-4.jpg",
  "mtime": 1781870403.6409018,
  "size": 1465469
 },
 "100G tinh chế 1/z3967025983578_10a3a2fdf4c57d3b3d7e9b1c50a66fd8.jpg": {
  "out": "yen-tinh-che-100g-a-5.jpg",
  "mtime": 1781870414.070907,
  "size": 863922
 },
 "100G tinh chế 1/z3967026064393_1771cc200822225283094bd360dc055d.jpg": {
  "out": "yen-tinh-che-100g-a-6.jpg",
  "mtime": 1781870423.9780843,
  "size": 1782698
 },
 "100G tinh chế 2/z3994598200596_120c3dc52d1f1a80602607899a94cbb1.jpg": {
  "out": "yen-tinh-che-100g-b-1.jpg",
  "mtime": 1781870460.9235134,
  "size": 1269310
 },
 "100G tinh chế 2/z3994782322350_bcccbda8736f318cf24bdf4e7e7ecf34.jpg": {
  "out": "yen-tinh-che-100g-b-2.jpg",
  "mtime": 1781870477.913508,
  "size": 1495688
 },
 "100G tinh chế 2/z3994782626824_3c94a45e50c99e6dab51af6646fcb31f.jpg": {
  "out": "yen-tinh-che-100g-b-3.jpg",
  "mtime": 1781870487.8760638,
  "size": 1076413
 },
 "100G tinh chế 2/z3994782684293_7b9f5839304ed2c71bfbb709bf658116.jpg": {
  "out": "yen-tinh-che-100g-b-4.jpg",
  "mtime": 1781870497.2573726,
  "size": 1353043
 },
 "BST 30G - zone A/36FEA7A9-F448-48D6-9DF2-F8BCBD17A62F.jpg": {
  "out": "yen-30g-1.jpg",
  "mtime": 1782745226.0,
  "size": 568250
 },
 "BST 30G - zone A/17CE0838-8979-42AF-9EE4-189CAF9143A0.jpg": {
  "out": "yen-30g-2.jpg",
  "mtime": 1782745230.0,
  "size": 547699
 },
 "BST 30G - zone A/E636112E-05AD-40A9-86AA-D15AF00D42D9.jpg": {
  "out": "yen-30g-3.jpg",
  "mtime": 1782745234.0,
  "size": 539422
 },
 "BST 30G - zone A/FCA97E45-08F2-4257-94A1-31F10BBF9D92.jpg": {
  "out": "yen-30g-4.jpg",
  "mtime": 1782745236.0,
  "size": 638620
 },
 "BST 30G - zone A/F4006B3A-E339-4886-BE9C-C45B5483E165.jpg": {
  "out": "yen-30g-5.jpg",
  "mtime": 1782745240.0,
  "size": 696978
 },
 "BST 30G - zone A/08B6C200-B965-4045-9560-9B5CC2B34EB4.jpg": {
  "out": "yen-30g-6.jpg",
  "mtime": 1782745244.0,
  "size": 766364
 },
 "BST 30G - zone A/FEA7AE84-C6E1-4D82-8633-ED34840682D4.jpg": {
  "out": "yen-30g-7.jpg",
  "mtime": 1782745246.0,
  "size": 592567
 },
 "BST 30G - zone A/33D42EB8-9AD2-42EC-B6E7-9AA0C9FA3CCF.jpg": {
  "out": "yen-30g-8.jpg",
  "mtime": 1782745250.0,
  "size": 853818
 },
 "BST YẾN CHƯNG Hu le- zone A/134ced525b7617d10068745ef1444c3c.jpeg": {
  "out": "yen-chung-hu-le-1.jpg",
  "mtime": 1782661654.0,
  "size": 2005182
 },
 "BST YẾN CHƯNG Hu le- zone A/7537ffc7b3d5e3f5bfdbb1a3843f7fa8.jpeg": {
  "out": "yen-chung-hu-le-2.jpg",
  "mtime": 1782661662.0,
  "size": 2066797
 },
 "BST YẾN CHƯNG Hu le- zone A/4e822d162b55a5576f5ad8345603badd.jpeg": {
  "out": "yen-chung-hu-le-3.jpg",
  "mtime": 1782661668.0,
  "size": 2135703
 },
 "BST YẾN CHƯNG Hu le- zone A/e948aaa4a13c8b597ab1061cdc7e5a03.jpeg": {
  "out": "yen-chung-hu-le-4.jpg",
  "mtime": 1782661672.0,
  "size": 2218869
 },
 "BST YẾN CHƯNG Hu le- zone A/03518f2fe48e30953aace7abeae752d8.jpeg": {
  "out": "yen-chung-hu-le-5.jpg",
  "mtime": 1782661676.0,
  "size": 2577850
 },
 "BST YẾN CHƯNG Hu le- zone A/E1F3E559-36AC-4AB3-8137-B28F203D651F.jpg": {
  "out": "yen-chung-hu-le-6.jpg",
  "mtime": 1782661710.0,
  "size": 273694
 },
 "BST YẾN CHƯNG Hu le- zone A/ABDBC818-6817-416E-9984-417E35505465.jpg": {
  "out": "yen-chung-hu-le-7.jpg",
  "mtime": 1782661716.0,
  "size": 385139
 },
 "BST YẾN CHƯNG Hu le- zone A/D6F19BA9-B4BE-4ED4-AFCC-9441510D41C8.jpg": {
  "out": "yen-chung-hu-le-8.jpg",
  "mtime": 1782661720.0,
  "size": 418757
 },
 "BST YẾN CHƯNG Hu le- zone A/14D54D04-7ED2-4635-A43F-70F06C2D62FB.jpg": {
  "out": "yen-chung-hu-le-9.jpg",
  "mtime": 1782661724.0,
  "size": 476672
 },
 "BST YẾN CHƯNG Hu le- zone A/IMG_2007.PNG": {
  "out": "yen-chung-hu-le-10.jpg",
  "mtime": 1782675180.0,
  "size": 2263052
 },
 "BST YẾN CHƯNG Hu le- zone A/1782890368553_480974921794616993_3682230089796058644_5383440e328bbe2cfbcb53d39b51bf1e.jpg": {
  "out": "yen-chung-hu-le-11.jpg",
  "mtime": 1782840114.0,
  "size": 456154
 },
 "BST YẾN CHƯNG Hu le- zone A/1782890368474_480974921794616993_3682230089796058644_b7c6a8858aadc03de2bcf14a4e8cfa96.jpg": {
  "out": "yen-chung-hu-le-12.jpg",
  "mtime": 1782840126.0,
  "size": 465159
 },
 "BST YẾN CHƯNG Hu le- zone A/1782890368534_480974921794616993_3682230089796058644_10fc995c94c5a14d25129cfca67b374f.jpg": {
  "out": "yen-chung-hu-le-13.jpg",
  "mtime": 1782840154.0,
  "size": 412463
 },
 "BST YẾN CHƯNG Hu le- zone A/IMG_1293.JPG": {
  "out": "yen-chung-hu-le-14.jpg",
  "mtime": 1782844722.0,
  "size": 334383
 },
 "BST YẾN CHƯNG Hu le- zone A/IMG_1292.PNG": {
  "out": "yen-chung-hu-le-15.jpg",
  "mtime": 1782844726.0,
  "size": 2034815
 },
 "BST Yến vụn - zone A/17799E66-D0D6-46E5-AD52-C9B84E0EF70F.jpg": {
  "out": "yen-vun-1.jpg",
  "mtime": 1783427980.0,
  "size": 401213
 },
 "BST Yến vụn - zone A/2D8CD977-5F6E-44C5-B123-36F2E85280BD.jpg": {
  "out": "yen-vun-2.jpg",
  "mtime": 1783427984.0,
  "size": 299360
 },
 "BST Yến vụn - zone A/AB4DDF32-F4A7-485D-B591-8A4C0499B24A.jpg": {
  "out": "yen-vun-3.jpg",
  "mtime": 1783427986.0,
  "size": 384502
 },
 "BST Yến vụn - zone A/2B718A45-FC34-4112-B4C8-A7B548CF1948.jpg": {
  "out": "yen-vun-4.jpg",
  "mtime": 1783427988.0,
  "size": 501545
 },
 "BST Yến vụn - zone A/92A9D23C-7A8E-4DFC-BB79-B2640EC9A741.jpg": {
  "out": "yen-vun-5.jpg",
  "mtime": 1783427992.0,
  "size": 501805
 },
 "BST Yến vụn - zone A/F73E5BED-1DD0-43E9-B7A3-38A3AB241577.jpg": {
  "out": "yen-vun-6.jpg",
  "mtime": 1783427994.0,
  "size": 372990
 },
 "BST Yến vụn - zone A/F87C1FEA-D6BF-40E6-A9E8-B6742DE9B024.jpg": {
  "out": "yen-vun-7.jpg",
  "mtime": 1783427998.0,
  "size": 565051
 },
 "BST Yến vụn - zone A/81313F8D-2573-4AEB-81F4-628B5E6E00BF.jpg": {
  "out": "yen-vun-8.jpg",
  "mtime": 1783428000.0,
  "size": 530365
 },
 "BST Yến vụn - zone A/8721771B-F686-430C-BFCE-E2A662C43414.jpg": {
  "out": "yen-vun-9.jpg",
  "mtime": 1783428004.0,
  "size": 532890
 },
 "BST Yến vụn - zone A/E662CA74-DC38-4446-8868-58640EAA1A22.jpg": {
  "out": "yen-vun-10.jpg",
  "mtime": 1783428006.0,
  "size": 329387
 },
 "BST Yến vụn - zone A/2B7CFD11-510D-4F11-B812-58CFBCB6C480.jpg": {
  "out": "yen-vun-11.jpg",
  "mtime": 1783428010.0,
  "size": 533581
 },
 "BST Yến vụn - zone A/7A54BBEE-5D33-4930-BD83-3C4D0C2BCBF8.jpg": {
  "out": "yen-vun-12.jpg",
  "mtime": 1783428014.0,
  "size": 476103
 },
 "BST Yến vụn - zone A/6D5AD7FD-D2CB-4E76-B2B5-2115171915D2.jpg": {
  "out": "yen-vun-13.jpg",
  "mtime": 1783428016.0,
  "size": 668015
 },
 "BST Yến vụn - zone A/01A27B61-3292-4530-BFDB-B1242E873723.jpg": {
  "out": "yen-vun-14.jpg",
  "mtime": 1783428020.0,
  "size": 600003
 },
 "BST Yến vụn - zone A/7BEB9975-C36C-4FF2-84C8-E93142F1C8BD.jpg": {
  "out": "yen-vun-15.jpg",
  "mtime": 1783428022.0,
  "size": 558314
 },
 "BST Yến vụn - zone A/E7DE5EE6-7EA0-4686-B06F-0094524B1FB6.jpg": {
  "out": "yen-vun-16.jpg",
  "mtime": 1783428026.0,
  "size": 610848
 },
 "BST Yến vụn - zone A/D6E24E25-EDAF-4696-9991-7DC0F743FACE.jpg": {
  "out": "yen-vun-17.jpg",
  "mtime": 1783428030.0,
  "size": 824604
 },
 "HỘP YẾN 1 TỔ.  -zone A/IMG_0880.JPG": {
  "out": "hop-1-to-yen-1.jpg",
  "mtime": 1783514052.0,
  "size": 459552
 },
 "HỘP YẾN 1 TỔ.  -zone A/IMG_0869.JPG": {
  "out": "hop-1-to-yen-2.jpg",
  "mtime": 1783514056.0,
  "size": 523033
 },
 "HỘP YẾN 1 TỔ.  -zone A/IMG_0881.JPG": {
  "out": "hop-1-to-yen-3.jpg",
  "mtime": 1783514062.0,
  "size": 526953
 },
 "HỘP YẾN 1 TỔ.  -zone A/7B252283-74C3-4D87-99B6-28C55477A833.png": {
  "out": "hop-1-to-yen-4.jpg",
  "mtime": 1783514066.0,